Top queries,Clicks,Impressions,CTR,Position
a level retakes,0,1528,0%,62.21
a level results day,0,1203,0%,52.37
resit a levels privately,0,483,0%,68.34
retake a level exams privately,0,402,0%,67.51
when are a level retakes,0,336,0%,67.4
westminster tutors,0,303,0%,47.05
gcse retakes london,0,268,0%,58.98
a level retake courses,0,247,0%,69.47
a level retakes london,0,213,0%,58.62
a level retake,0,153,0%,76.67
a level retake colleges,0,149,0%,64.4
alevel results day,0,73,0%,52.84
retake colleges london,0,71,0%,82.51
a level result day,0,53,0%,49.45
retake a levels london,0,40,0%,78.7
a levels results day,0,34,0%,48.26
retake a level exams london,0,22,0%,55.27
a level resukts day,0,19,0%,55.84
a levels retake,0,18,0%,66.33
retake a level,0,18,0%,75.5
a level retake college,0,18,0%,85.28
a level.results day,0,15,0%,51.73
a-level results day,0,15,0%,54.4
westminster a level results,0,14,0%,27.36
a level results dat,0,14,0%,53.43
a level reaults day,0,13,0%,56.38
westminster school a level results 2024,0,12,0%,52.67
alevel result day,0,10,0%,48.3
results day a level,0,9,0%,55.44
gcse retake colleges london,0,9,0%,64.22
a level results date,0,8,0%,55.38
a level tesults day,0,7,0%,52.29
retake a levels,0,7,0%,74.29
a level retake courses london,0,7,0%,94.29
gcse retakes,0,6,0%,39
a level results dsy,0,6,0%,48
a level results fay,0,6,0%,50.33
retakes a level,0,6,0%,60.33
a level retake colleges london,0,6,0%,67.17
retake gcse,0,5,0%,67.2
a level resit colleges london,0,5,0%,83.4
where to retake a levels,0,5,0%,86.8
results day alevel,0,3,0%,45
gcse retake,0,3,0%,50.67
retaking a levels as a private candidate,0,3,0%,61.33
a level retakes rochester,0,3,0%,80.33
retake a levels hendon,0,3,0%,95.67
a level resilts day,0,2,0%,49.5
retake a level private candidate,0,2,0%,63.5
retake gcses london,0,2,0%,65
retaking as level,0,2,0%,83.5
as level results day,0,2,0%,85.5
a levels westminster,0,2,0%,100
retake a levels in november,0,1,0%,13
westminter tutors,0,1,0%,42
westminster school a level results,0,1,0%,59
when is a level results day,0,1,0%,59
a level pass rate,0,1,0%,60
a.level results day,0,1,0%,61
when are a level results out,0,1,0%,63
a2 retakes,0,1,0%,72
att results day,0,1,0%,72
harris westminster a level results,0,1,0%,80
results day for a levels,0,1,0%,82
retake maths gcse,0,1,0%,82
how to retake a levels,0,1,0%,85
retake gcse maths,0,1,0%,86
uk a level results day,0,1,0%,88
retake courses,0,1,0%,91
westminster tutors london,0,1,0%,95
a level pass rates,0,1,0%,96
chalkboard tuition,0,1,0%,98
can you retake a levels,0,1,0%,99
a level results day wales,0,1,0%,101
where can i retake my a levels,0,1,0%,102